SN,county,Bid Date,Price,State,Num,Parcel Nu,Address,Misc-1,Group,Rating,BoA,Zillow,Flag
1,Cabarrus,06/19/17   2:00PM,Not Available Yet,NC,14 SP 281,14-05633-FC01,"7135 Tabor Falls Drive Harrisburg, North Carolina 28075-8627",6295/334,,,https://realestatecenter.bankofamerica.com/tools/marketvalue4.aspx?address=7135+Tabor+Falls+Drive+Harrisburg+North+Carolina+28075-8627,https://www.zillow.com/homes/7135_Tabor_Falls_Drive_Harrisburg_North_Carolina_28075-8627_rb,No
2,Cabarrus,05/31/17   2:00PM,Not Available Yet,NC,15 SP 284,15-06527-FC01,"1565 Duckhorn Street Northwest Concord, North Carolina 28027",9173/297,,,https://realestatecenter.bankofamerica.com/tools/marketvalue4.aspx?address=1565+Duckhorn+Street+Northwest+Concord+North+Carolina+28027,https://www.zillow.com/homes/1565_Duckhorn_Street_Northwest_Concord_North_Carolina_28027_rb,No
3,Cabarrus,05/22/17   2:00PM,Not Available Yet,NC,15 SP 795,10-21914-FC02,"3779 Quiet Stream Drive Concord, North Carolina 28025",08074/0064,,,https://realestatecenter.bankofamerica.com/tools/marketvalue4.aspx?address=3779+Quiet+Stream+Drive+Concord+North+Carolina+28025,https://www.zillow.com/homes/3779_Quiet_Stream_Drive_Concord_North_Carolina_28025_rb,No
4,Cabarrus,05/17/17   2:00PM,Not Available Yet,NC,15 SP 887,12-08185-FC02,"672 Bright Orchid Avenue Concord, North Carolina 28025",7539/151,,,https://realestatecenter.bankofamerica.com/tools/marketvalue4.aspx?address=672+Bright+Orchid+Avenue+Concord+North+Carolina+28025,https://www.zillow.com/homes/672_Bright_Orchid_Avenue_Concord_North_Carolina_28025_rb,No
5,Cabarrus,06/21/17   2:00PM,Not Available Yet,NC,16 SP 731,16-16572-FC01,"1014 Austin Avenue Kannapolis, North Carolina 28083",07959/0213,,,https://realestatecenter.bankofamerica.com/tools/marketvalue4.aspx?address=1014+Austin+Avenue+Kannapolis+North+Carolina+28083,https://www.zillow.com/homes/1014_Austin_Avenue_Kannapolis_North_Carolina_28083_rb,No
6,Cabarrus,05/24/17   2:00PM,Not Available Yet,NC,17 SP 168,16-17093-FC01,"1041 Ramsgate Drive Southwest Concord, North Carolina 28025",08424/0038,,,https://realestatecenter.bankofamerica.com/tools/marketvalue4.aspx?address=1041+Ramsgate+Drive+Southwest+Concord+North+Carolina+28025,https://www.zillow.com/homes/1041_Ramsgate_Drive_Southwest_Concord_North_Carolina_28025_rb,No
7,Cabarrus,06/06/17   2:00PM,Not Available Yet,NC,16 SP 757,16-17279-FC01,"202 East 5th Street Kannapolis, North Carolina 28083",08597/0177,,,https://realestatecenter.bankofamerica.com/tools/marketvalue4.aspx?address=202+East+5th+Street+Kannapolis+North+Carolina+28083,https://www.zillow.com/homes/202_East_5th_Street_Kannapolis_North_Carolina_28083_rb,No
8,Cabarrus,06/06/17   2:00PM,Not Available Yet,NC,16 SP 787,16-17974-FC01,"2978 Deep Cove Drive Northwest Concord, North Carolina 28027",11678/0233,,,https://realestatecenter.bankofamerica.com/tools/marketvalue4.aspx?address=2978+Deep+Cove+Drive+Northwest+Concord+North+Carolina+28027,https://www.zillow.com/homes/2978_Deep_Cove_Drive_Northwest_Concord_North_Carolina_28027_rb,No
9,Cabarrus,05/31/17   2:00PM,Not Available Yet,NC,16 SP 89,16-19399-FC01,"4458 Kellybrook Drive Concord, North Carolina 28025",6667/17,,,https://realestatecenter.bankofamerica.com/tools/marketvalue4.aspx?address=4458+Kellybrook+Drive+Concord+North+Carolina+28025,https://www.zillow.com/homes/4458_Kellybrook_Drive_Concord_North_Carolina_28025_rb,No
10,Cabarrus,05/15/17   2:00PM,Not Available Yet,NC,16 SP 500,16-15912-FC01,"304 Athens Hills Place Kannapolis, North Carolina 28083",10313/263,,,https://realestatecenter.bankofamerica.com/tools/marketvalue4.aspx?address=304+Athens+Hills+Place+Kannapolis+North+Carolina+28083,https://www.zillow.com/homes/304_Athens_Hills_Place_Kannapolis_North_Carolina_28083_rb,No
11,Cabarrus,05/31/17   2:00PM,Not Available Yet,NC,17 SP 67,16-21398-FC01,"70 Bridlewood Place Concord, North Carolina 28025",5586/153,,,https://realestatecenter.bankofamerica.com/tools/marketvalue4.aspx?address=70+Bridlewood+Place+Concord+North+Carolina+28025,https://www.zillow.com/homes/70_Bridlewood_Place_Concord_North_Carolina_28025_rb,No
12,Cabarrus,05/31/17   2:00PM,Not Available Yet,NC,17 SP 75,15-20678-FC02,"1002 Oakwood Avenue Kannapolis, North Carolina 28081",6536/58,,,https://realestatecenter.bankofamerica.com/tools/marketvalue4.aspx?address=1002+Oakwood+Avenue+Kannapolis+North+Carolina+28081,https://www.zillow.com/homes/1002_Oakwood_Avenue_Kannapolis_North_Carolina_28081_rb,No
13,Cabarrus,05/17/17   2:00PM,Not Available Yet,NC,17 SP 82,17-01106-FC01,"1463 Eschol Lane Northwest Concord, North Carolina 28027",07895/0221,,,https://realestatecenter.bankofamerica.com/tools/marketvalue4.aspx?address=1463+Eschol+Lane+Northwest+Concord+North+Carolina+28027,https://www.zillow.com/homes/1463_Eschol_Lane_Northwest_Concord_North_Carolina_28027_rb,No
14,Cabarrus,06/12/17   2:00PM,Not Available Yet,NC,17 SP 108,17-02003-FC01,"916 Haley Street Kannapolis, North Carolina 28081",5543/237,,,https://realestatecenter.bankofamerica.com/tools/marketvalue4.aspx?address=916+Haley+Street+Kannapolis+North+Carolina+28081,https://www.zillow.com/homes/916_Haley_Street_Kannapolis_North_Carolina_28081_rb,No
15,Mecklenburg,05/18/17  11:00AM,Not Available Yet,NC,17 SP 784,13-01470-FC02,"12575 Bluestem Lane Charlotte, North Carolina 28277",22844/519,,,https://realestatecenter.bankofamerica.com/tools/marketvalue4.aspx?address=12575+Bluestem+Lane+Charlotte+North+Carolina+28277,https://www.zillow.com/homes/12575_Bluestem_Lane_Charlotte_North_Carolina_28277_rb,No
16,Mecklenburg,06/22/17  12:00PM,Not Available Yet,NC,15 SP 1482,10-25372-FC04,"4854 Elizabeth Road Charlotte, North Carolina 28269",23991/154,,,https://realestatecenter.bankofamerica.com/tools/marketvalue4.aspx?address=4854+Elizabeth+Road+Charlotte+North+Carolina+28269,https://www.zillow.com/homes/4854_Elizabeth_Road_Charlotte_North_Carolina_28269_rb,No
17,Mecklenburg,06/29/17  12:00PM,Not Available Yet,NC,15 SP 4047,15-17117-FC01,"8606 Panglemont Drive Charlotte, North Carolina 28269",24749/211,,,https://realestatecenter.bankofamerica.com/tools/marketvalue4.aspx?address=8606+Panglemont+Drive+Charlotte+North+Carolina+28269,https://www.zillow.com/homes/8606_Panglemont_Drive_Charlotte_North_Carolina_28269_rb,No
18,Mecklenburg,06/22/17  12:00PM,Not Available Yet,NC,15 SP 4032,11-22609-FC03,"8601 Conklin Place and 3112 Vestal Place Charlotte, North Carolina 28212",16995/844,,,https://realestatecenter.bankofamerica.com/tools/marketvalue4.aspx?address=8601+Conklin+Place+and+3112+Vestal+Place+Charlotte+North+Carolina+28212,https://www.zillow.com/homes/8601_Conklin_Place_and_3112_Vestal_Place_Charlotte_North_Carolina_28212_rb,No
19,Mecklenburg,05/12/17  11:00AM,Not Available Yet,NC,15 SP 5193,15-21268-FC01,"512 Sunnywood Lane Charlotte, North Carolina 28270",10923/884,,,https://realestatecenter.bankofamerica.com/tools/marketvalue4.aspx?address=512+Sunnywood+Lane+Charlotte+North+Carolina+28270,https://www.zillow.com/homes/512_Sunnywood_Lane_Charlotte_North_Carolina_28270_rb,No
20,Mecklenburg,05/17/17  12:00PM,Not Available Yet,NC,15 SP 4717,10-13194-FC03,"10736 Chastain Parc Drive Charlotte, North Carolina 28216",18614/583,,,https://realestatecenter.bankofamerica.com/tools/marketvalue4.aspx?address=10736+Chastain+Parc+Drive+Charlotte+North+Carolina+28216,https://www.zillow.com/homes/10736_Chastain_Parc_Drive_Charlotte_North_Carolina_28216_rb,No
21,Mecklenburg,06/15/17  12:00PM,Not Available Yet,NC,15 SP 5070,14-08398-FC03,"4536 Noras Path Road Charlotte, North Carolina 28226",22766/806,,,https://realestatecenter.bankofamerica.com/tools/marketvalue4.aspx?address=4536+Noras+Path+Road+Charlotte+North+Carolina+28226,https://www.zillow.com/homes/4536_Noras_Path_Road_Charlotte_North_Carolina_28226_rb,No
22,Mecklenburg,06/01/17  11:00AM,Not Available Yet,NC,15 SP 5332,15-24173-FC01,"9609 Tralee Court Stallings, North Carolina 28104",28032/396,,,https://realestatecenter.bankofamerica.com/tools/marketvalue4.aspx?address=9609+Tralee+Court+Stallings+North+Carolina+28104,https://www.zillow.com/homes/9609_Tralee_Court_Stallings_North_Carolina_28104_rb,No
23,Mecklenburg,06/08/17  12:00PM,Not Available Yet,NC,16 SP 201,14-11230-FC03,"11251 Cypress View Drive Charlotte, North Carolina 28262",21296/768,,,https://realestatecenter.bankofamerica.com/tools/marketvalue4.aspx?address=11251+Cypress+View+Drive+Charlotte+North+Carolina+28262,https://www.zillow.com/homes/11251_Cypress_View_Drive_Charlotte_North_Carolina_28262_rb,No
24,Mecklenburg,05/25/17  11:00AM,Not Available Yet,NC,16 SP 231,08-10604-FC05,"11024 Pale Hickory Lane Charlotte, North Carolina 28215",21271/844,,,https://realestatecenter.bankofamerica.com/tools/marketvalue4.aspx?address=11024+Pale+Hickory+Lane+Charlotte+North+Carolina+28215,https://www.zillow.com/homes/11024_Pale_Hickory_Lane_Charlotte_North_Carolina_28215_rb,No
25,Mecklenburg,06/14/17  12:00PM,Not Available Yet,NC,16 SP 994,15-24330-FC03,"2802 Azalea Hills Drive Charlotte, North Carolina 28262",18405/162,,,https://realestatecenter.bankofamerica.com/tools/marketvalue4.aspx?address=2802+Azalea+Hills+Drive+Charlotte+North+Carolina+28262,https://www.zillow.com/homes/2802_Azalea_Hills_Drive_Charlotte_North_Carolina_28262_rb,No
26,Mecklenburg,05/25/17  11:00AM,Not Available Yet,NC,17 SP 847,16-04739-FC01,"2817 Granstark Court Charlotte, North Carolina 28216",25650/641,,,https://realestatecenter.bankofamerica.com/tools/marketvalue4.aspx?address=2817+Granstark+Court+Charlotte+North+Carolina+28216,https://www.zillow.com/homes/2817_Granstark_Court_Charlotte_North_Carolina_28216_rb,No
27,Mecklenburg,05/12/17  11:00AM,Not Available Yet,NC,16 SP 1481,08-10246-FC05,"1328 Level Creek Lane Charlotte, North Carolina 28214",19107/921,,,https://realestatecenter.bankofamerica.com/tools/marketvalue4.aspx?address=1328+Level+Creek+Lane+Charlotte+North+Carolina+28214,https://www.zillow.com/homes/1328_Level_Creek_Lane_Charlotte_North_Carolina_28214_rb,No
28,Mecklenburg,06/29/17  12:00PM,Not Available Yet,NC,13 SP 1605,16-06561-FC01,"7924 Briardale Drive Charlotte, North Carolina 28212",24454/366,,,https://realestatecenter.bankofamerica.com/tools/marketvalue4.aspx?address=7924+Briardale+Drive+Charlotte+North+Carolina+28212,https://www.zillow.com/homes/7924_Briardale_Drive_Charlotte_North_Carolina_28212_rb,No
29,Mecklenburg,06/14/17  12:00PM,Not Available Yet,NC,16 SP 2068,16-08438-FC01,"823 Cattaloochee Lane Huntersville, North Carolina 28078",23378/962,,,https://realestatecenter.bankofamerica.com/tools/marketvalue4.aspx?address=823+Cattaloochee+Lane+Huntersville+North+Carolina+28078,https://www.zillow.com/homes/823_Cattaloochee_Lane_Huntersville_North_Carolina_28078_rb,No
30,Mecklenburg,05/11/17  12:00PM,Not Available Yet,NC,17 SP 344,16-10015-FC01,"8221 Feather Lane Charlotte, North Carolina 28212",20666/56,,,https://realestatecenter.bankofamerica.com/tools/marketvalue4.aspx?address=8221+Feather+Lane+Charlotte+North+Carolina+28212,https://www.zillow.com/homes/8221_Feather_Lane_Charlotte_North_Carolina_28212_rb,No
31,Mecklenburg,06/22/17  11:00AM,Not Available Yet,NC,16 SP 2811,09-00794-FC04,"5524 Chasewind Drive Charlotte, North Carolina 28269",21995/456,,,https://realestatecenter.bankofamerica.com/tools/marketvalue4.aspx?address=5524+Chasewind+Drive+Charlotte+North+Carolina+28269,https://www.zillow.com/homes/5524_Chasewind_Drive_Charlotte_North_Carolina_28269_rb,No
32,Mecklenburg,05/25/17  11:00AM,Not Available Yet,NC,16 SP 3360,16-14333-FC01,"3811 Vining Court Charlotte, North Carolina 28216",12680/596,,,https://realestatecenter.bankofamerica.com/tools/marketvalue4.aspx?address=3811+Vining+Court+Charlotte+North+Carolina+28216,https://www.zillow.com/homes/3811_Vining_Court_Charlotte_North_Carolina_28216_rb,No
33,Mecklenburg,05/11/17  12:00PM,Not Available Yet,NC,16 SP 4001,09-11847-FC04,"425 Pecan Avenue Charlotte, North Carolina 28204",17073/933,,,https://realestatecenter.bankofamerica.com/tools/marketvalue4.aspx?address=425+Pecan+Avenue+Charlotte+North+Carolina+28204,https://www.zillow.com/homes/425_Pecan_Avenue_Charlotte_North_Carolina_28204_rb,No
34,Mecklenburg,05/11/17  11:00AM,Not Available Yet,NC,17 SP 573,15-15853-FC03,"7512 Park Vista Circle Charlotte, North Carolina 28226",22375/367,,,https://realestatecenter.bankofamerica.com/tools/marketvalue4.aspx?address=7512+Park+Vista+Circle+Charlotte+North+Carolina+28226,https://www.zillow.com/homes/7512_Park_Vista_Circle_Charlotte_North_Carolina_28226_rb,No
35,Mecklenburg,05/18/17  12:00PM,Not Available Yet,NC,16 SP 3798,16-00342-FC02,"6203 Day Lilly Lane Charlotte, North Carolina 28216",19400/122,,,https://realestatecenter.bankofamerica.com/tools/marketvalue4.aspx?address=6203+Day+Lilly+Lane+Charlotte+North+Carolina+28216,https://www.zillow.com/homes/6203_Day_Lilly_Lane_Charlotte_North_Carolina_28216_rb,No
36,Mecklenburg,06/15/17  12:00PM,Not Available Yet,NC,16 SP 3592,16-15078-FC01,"8521 Westhope Street Charlotte, North Carolina 28216",17914/101,,,https://realestatecenter.bankofamerica.com/tools/marketvalue4.aspx?address=8521+Westhope+Street+Charlotte+North+Carolina+28216,https://www.zillow.com/homes/8521_Westhope_Street_Charlotte_North_Carolina_28216_rb,No
37,Mecklenburg,06/22/17  12:00PM,Not Available Yet,NC,16 SP 3760,16-15647-FC01,"6873 Juniper Tree Street Charlotte, North Carolina 28215",21536/958,,,https://realestatecenter.bankofamerica.com/tools/marketvalue4.aspx?address=6873+Juniper+Tree+Street+Charlotte+North+Carolina+28215,https://www.zillow.com/homes/6873_Juniper_Tree_Street_Charlotte_North_Carolina_28215_rb,No
38,Mecklenburg,05/18/17  11:00AM,Not Available Yet,NC,16 SP 3944,16-16234-FC01,"7631 Coffey Creek Drive Charlotte, North Carolina 28273",29981/634,,,https://realestatecenter.bankofamerica.com/tools/marketvalue4.aspx?address=7631+Coffey+Creek+Drive+Charlotte+North+Carolina+28273,https://www.zillow.com/homes/7631_Coffey_Creek_Drive_Charlotte_North_Carolina_28273_rb,No
39,Mecklenburg,05/18/17  11:00AM,Not Available Yet,NC,16 SP 4790,14-08272-FC01,"11834 Renee Savannah Lane Charlotte, North Carolina 28216",16331/537,,,https://realestatecenter.bankofamerica.com/tools/marketvalue4.aspx?address=11834+Renee+Savannah+Lane+Charlotte+North+Carolina+28216,https://www.zillow.com/homes/11834_Renee_Savannah_Lane_Charlotte_North_Carolina_28216_rb,No
40,Mecklenburg,05/11/17  12:00PM,Not Available Yet,NC,16 SP 4346,16-16559-FC01,"6639 Ronda Avenue Charlotte, North Carolina 28211",RE 19034/30,,,https://realestatecenter.bankofamerica.com/tools/marketvalue4.aspx?address=6639+Ronda+Avenue+Charlotte+North+Carolina+28211,https://www.zillow.com/homes/6639_Ronda_Avenue_Charlotte_North_Carolina_28211_rb,No
41,Mecklenburg,05/11/17  12:00PM,Not Available Yet,NC,16 SP 4279,16-17654-FC01,"1630 Prairie Valley Drive Charlotte, North Carolina 28269",20739/816,,,https://realestatecenter.bankofamerica.com/tools/marketvalue4.aspx?address=1630+Prairie+Valley+Drive+Charlotte+North+Carolina+28269,https://www.zillow.com/homes/1630_Prairie_Valley_Drive_Charlotte_North_Carolina_28269_rb,No
42,Mecklenburg,05/18/17  11:00AM,Not Available Yet,NC,16 SP 4380,16-17925-FC01,"10426 Atkins Ridge Drive Charlotte, North Carolina 28213",29725/633,,,https://realestatecenter.bankofamerica.com/tools/marketvalue4.aspx?address=10426+Atkins+Ridge+Drive+Charlotte+North+Carolina+28213,https://www.zillow.com/homes/10426_Atkins_Ridge_Drive_Charlotte_North_Carolina_28213_rb,No
43,Mecklenburg,06/22/17  12:00PM,Not Available Yet,NC,16 SP 4234,16-18005-FC01,"13202 David Jennings Avenue Charlotte, North Carolina 28213",27176/345,,,https://realestatecenter.bankofamerica.com/tools/marketvalue4.aspx?address=13202+David+Jennings+Avenue+Charlotte+North+Carolina+28213,https://www.zillow.com/homes/13202_David_Jennings_Avenue_Charlotte_North_Carolina_28213_rb,No
44,Mecklenburg,05/18/17  11:00AM,Not Available Yet,NC,16 SP 4482,16-18474-FC01,"5420 Donnefield Drive Charlotte, North Carolina 28227",10446/857,,,https://realestatecenter.bankofamerica.com/tools/marketvalue4.aspx?address=5420+Donnefield+Drive+Charlotte+North+Carolina+28227,https://www.zillow.com/homes/5420_Donnefield_Drive_Charlotte_North_Carolina_28227_rb,No
45,Mecklenburg,05/18/17  11:00AM,Not Available Yet,NC,16 SP 4395,16-18526-FC01,"13318 Erwin Road Charlotte, North Carolina 28273",25047/454,,,https://realestatecenter.bankofamerica.com/tools/marketvalue4.aspx?address=13318+Erwin+Road+Charlotte+North+Carolina+28273,https://www.zillow.com/homes/13318_Erwin_Road_Charlotte_North_Carolina_28273_rb,No
46,Mecklenburg,06/01/17  11:00AM,Not Available Yet,NC,16 SP 4626,16-18713-FC01,"10341 Misty Moss Court Mint Hill, North Carolina 28227",20892/215,,,https://realestatecenter.bankofamerica.com/tools/marketvalue4.aspx?address=10341+Misty+Moss+Court+Mint+Hill+North+Carolina+28227,https://www.zillow.com/homes/10341_Misty_Moss_Court_Mint_Hill_North_Carolina_28227_rb,No
47,Mecklenburg,05/18/17  11:00AM,Not Available Yet,NC,16 SP 4492,15-06668-FC03,"14701 Albemarle Road and 14709 Albemarle Road Charlotte, North Carolina 28227",21404/747,,,https://realestatecenter.bankofamerica.com/tools/marketvalue4.aspx?address=14701+Albemarle+Road+and+14709+Albemarle+Road+Charlotte+North+Carolina+28227,https://www.zillow.com/homes/14701_Albemarle_Road_and_14709_Albemarle_Road_Charlotte_North_Carolina_28227_rb,No
48,Mecklenburg,05/25/17  11:00AM,Not Available Yet,NC,16 SP 4846,16-19943-FC01,"22312 John Gamble Road Cornelius, North Carolina 28031",30293/292,,,https://realestatecenter.bankofamerica.com/tools/marketvalue4.aspx?address=22312+John+Gamble+Road+Cornelius+North+Carolina+28031,https://www.zillow.com/homes/22312_John_Gamble_Road_Cornelius_North_Carolina_28031_rb,No
49,Mecklenburg,06/15/17  11:00AM,Not Available Yet,NC,16 SP 4709,15-05578-FC03,"8911 Leitrim Court Charlotte, North Carolina 28277",23073/11,,,https://realestatecenter.bankofamerica.com/tools/marketvalue4.aspx?address=8911+Leitrim+Court+Charlotte+North+Carolina+28277,https://www.zillow.com/homes/8911_Leitrim_Court_Charlotte_North_Carolina_28277_rb,No
50,Mecklenburg,05/25/17  11:00AM,Not Available Yet,NC,17 SP 406,16-20225-FC01,"2319 Estelle Street Charlotte, North Carolina 28216",23703/348,,,https://realestatecenter.bankofamerica.com/tools/marketvalue4.aspx?address=2319+Estelle+Street+Charlotte+North+Carolina+28216,https://www.zillow.com/homes/2319_Estelle_Street_Charlotte_North_Carolina_28216_rb,No
51,Mecklenburg,05/11/17  11:00AM,Not Available Yet,NC,16 SP 4832,16-20578-FC01,"16620 Cobbleview Lane and Lot 3A off of Cobbleview Lane Huntersville, North Carolina 28078",25329/943,,,https://realestatecenter.bankofamerica.com/tools/marketvalue4.aspx?address=16620+Cobbleview+Lane+and+Lot+3A+off+of+Cobbleview+Lane+Huntersville+North+Carolina+28078,https://www.zillow.com/homes/16620_Cobbleview_Lane_and_Lot_3A_off_of_Cobbleview_Lane_Huntersville_North_Carolina_28078_rb,No
52,Mecklenburg,06/01/17  11:00AM,Not Available Yet,NC,17 SP 936,16-20923-FC01,"10567 Stoneacre Court Pineville, North Carolina 28134",27538/825,,,https://realestatecenter.bankofamerica.com/tools/marketvalue4.aspx?address=10567+Stoneacre+Court+Pineville+North+Carolina+28134,https://www.zillow.com/homes/10567_Stoneacre_Court_Pineville_North_Carolina_28134_rb,No
53,Mecklenburg,05/18/17  11:00AM,Not Available Yet,NC,17 SP 751,17-00059-FC01,"5506 Prosperity View Drive Charlotte, North Carolina 28269",26255/782,,,https://realestatecenter.bankofamerica.com/tools/marketvalue4.aspx?address=5506+Prosperity+View+Drive+Charlotte+North+Carolina+28269,https://www.zillow.com/homes/5506_Prosperity_View_Drive_Charlotte_North_Carolina_28269_rb,No
54,Mecklenburg,05/18/17  11:00AM,Not Available Yet,NC,17 SP 690,11-09567-FC01,"2518 Eargle Road Charlotte, North Carolina 28269",13654/35,,,https://realestatecenter.bankofamerica.com/tools/marketvalue4.aspx?address=2518+Eargle+Road+Charlotte+North+Carolina+28269,https://www.zillow.com/homes/2518_Eargle_Road_Charlotte_North_Carolina_28269_rb,No
55,Mecklenburg,05/25/17  11:00AM,Not Available Yet,NC,17 SP 403,14-15795-FC04,"11539 Carnsore Court Charlotte, North Carolina 28214",20609/665,,,https://realestatecenter.bankofamerica.com/tools/marketvalue4.aspx?address=11539+Carnsore+Court+Charlotte+North+Carolina+28214,https://www.zillow.com/homes/11539_Carnsore_Court_Charlotte_North_Carolina_28214_rb,No
56,Mecklenburg,06/15/17  11:00AM,Not Available Yet,NC,17 SP 845,17-00405-FC01,"6416 Tall Oaks Trail Charlotte, North Carolina 28210",27256/130,,,https://realestatecenter.bankofamerica.com/tools/marketvalue4.aspx?address=6416+Tall+Oaks+Trail+Charlotte+North+Carolina+28210,https://www.zillow.com/homes/6416_Tall_Oaks_Trail_Charlotte_North_Carolina_28210_rb,No
57,Mecklenburg,05/11/17  11:00AM,Not Available Yet,NC,17 SP 621,16-16165-FC02,"17418 Tuscany Lane Cornelius, North Carolina 28031",29762/603,,,https://realestatecenter.bankofamerica.com/tools/marketvalue4.aspx?address=17418+Tuscany+Lane+Cornelius+North+Carolina+28031,https://www.zillow.com/homes/17418_Tuscany_Lane_Cornelius_North_Carolina_28031_rb,No
58,Mecklenburg,06/01/17  11:00AM,Not Available Yet,NC,17 SP 626,17-00812-FC01,"10015 Hanging Moss Trail Mint Hill, North Carolina 28227",26505/519,,,https://realestatecenter.bankofamerica.com/tools/marketvalue4.aspx?address=10015+Hanging+Moss+Trail+Mint+Hill+North+Carolina+28227,https://www.zillow.com/homes/10015_Hanging_Moss_Trail_Mint_Hill_North_Carolina_28227_rb,No
59,Mecklenburg,06/01/17  11:00AM,Not Available Yet,NC,17 SP 472,17-00902-FC01,"219 Minitree Lane Charlotte, North Carolina 28214",23401/659,,,https://realestatecenter.bankofamerica.com/tools/marketvalue4.aspx?address=219+Minitree+Lane+Charlotte+North+Carolina+28214,https://www.zillow.com/homes/219_Minitree_Lane_Charlotte_North_Carolina_28214_rb,No
60,Mecklenburg,06/01/17  11:00AM,Not Available Yet,NC,17 SP 558,16-12639-FC02,"9738 Bradstreet Commons Way Charlotte, North Carolina 28215",18065/651,,,https://realestatecenter.bankofamerica.com/tools/marketvalue4.aspx?address=9738+Bradstreet+Commons+Way+Charlotte+North+Carolina+28215,https://www.zillow.com/homes/9738_Bradstreet_Commons_Way_Charlotte_North_Carolina_28215_rb,No
61,Mecklenburg,06/01/17  11:00AM,Not Available Yet,NC,17 SP 937,17-01932-FC01,"9500 East W T Harris Boulevard Charlotte, North Carolina 28227",21467/821,,,https://realestatecenter.bankofamerica.com/tools/marketvalue4.aspx?address=9500+East+W+T+Harris+Boulevard+Charlotte+North+Carolina+28227,https://www.zillow.com/homes/9500_East_W_T_Harris_Boulevard_Charlotte_North_Carolina_28227_rb,No
62,Mecklenburg,05/25/17  11:00AM,Not Available Yet,NC,17 SP 848,15-25308-FC01,"11441 Misty Valley Court Charlotte, North Carolina 28226",21093/221,,,https://realestatecenter.bankofamerica.com/tools/marketvalue4.aspx?address=11441+Misty+Valley+Court+Charlotte+North+Carolina+28226,https://www.zillow.com/homes/11441_Misty_Valley_Court_Charlotte_North_Carolina_28226_rb,No
63,Mecklenburg,05/18/17  11:00AM,Not Available Yet,NC,17 SP 664,08-09864-FC02,"5224 Elizabeth Road Charlotte, North Carolina 28269",16831/697,,,https://realestatecenter.bankofamerica.com/tools/marketvalue4.aspx?address=5224+Elizabeth+Road+Charlotte+North+Carolina+28269,https://www.zillow.com/homes/5224_Elizabeth_Road_Charlotte_North_Carolina_28269_rb,No
64,Mecklenburg,06/15/17  11:00AM,Not Available Yet,NC,17 SP 782,15-21209-FC02,"6336 Windsor Gate Lane Charlotte, North Carolina 28215",19682/907,,,https://realestatecenter.bankofamerica.com/tools/marketvalue4.aspx?address=6336+Windsor+Gate+Lane+Charlotte+North+Carolina+28215,https://www.zillow.com/homes/6336_Windsor_Gate_Lane_Charlotte_North_Carolina_28215_rb,No
65,Mecklenburg,05/11/17  12:00PM,Not Available Yet,NC,17 SP 689,16-11963-FC02,"8221 Pineville-Matthews Road, Unit D Charlotte, North Carolina 28226",25133/720,,,https://realestatecenter.bankofamerica.com/tools/marketvalue4.aspx?address=8221+Pineville-Matthews+Road+Unit+D+Charlotte+North+Carolina+28226,https://www.zillow.com/homes/8221_Pineville-Matthews_Road_Unit_D_Charlotte_North_Carolina_28226_rb,No
66,Mecklenburg,06/01/17  11:00AM,Not Available Yet,NC,17 SP 977,17-02688-FC01,"3511 Firestone Drive Charlotte, North Carolina 28216",27538/34,,,https://realestatecenter.bankofamerica.com/tools/marketvalue4.aspx?address=3511+Firestone+Drive+Charlotte+North+Carolina+28216,https://www.zillow.com/homes/3511_Firestone_Drive_Charlotte_North_Carolina_28216_rb,No
67,Mecklenburg,05/25/17  11:00AM,Not Available Yet,NC,17 SP 849,17-02864-FC01,"6931 Woodbridge Valley Circle Mint Hill, North Carolina 28227",24003/740,,,https://realestatecenter.bankofamerica.com/tools/marketvalue4.aspx?address=6931+Woodbridge+Valley+Circle+Mint+Hill+North+Carolina+28227,https://www.zillow.com/homes/6931_Woodbridge_Valley_Circle_Mint_Hill_North_Carolina_28227_rb,No
68,Mecklenburg,06/01/17  11:00AM,Not Available Yet,NC,17 SP 956,16-12569-FC02,"6602 Latta Springs Circle Huntersville, North Carolina 28078",26703/927,,,https://realestatecenter.bankofamerica.com/tools/marketvalue4.aspx?address=6602+Latta+Springs+Circle+Huntersville+North+Carolina+28078,https://www.zillow.com/homes/6602_Latta_Springs_Circle_Huntersville_North_Carolina_28078_rb,No
69,Mecklenburg,06/08/17  12:00PM,Not Available Yet,NC,15 SP 2376,16-13557-FC01,"3801 Crestridge Drive Charlotte, North Carolina 28217",17884/124,,,https://realestatecenter.bankofamerica.com/tools/marketvalue4.aspx?address=3801+Crestridge+Drive+Charlotte+North+Carolina+28217,https://www.zillow.com/homes/3801_Crestridge_Drive_Charlotte_North_Carolina_28217_rb,No
70,Mecklenburg,06/14/17  12:00PM,Not Available Yet,NC,12 SP 8490,10-27107-FC02,"9721 Hollyburgh Terrace Charlotte, North Carolina 28215",19451/579,,,https://realestatecenter.bankofamerica.com/tools/marketvalue4.aspx?address=9721+Hollyburgh+Terrace+Charlotte+North+Carolina+28215,https://www.zillow.com/homes/9721_Hollyburgh_Terrace_Charlotte_North_Carolina_28215_rb,No
71,Mecklenburg,05/11/17  11:00AM,Not Available Yet,NC,17 SP 620,12-08081-FC01,"537 Moss Stream Lane Charlotte, North Carolina 28216",15742/575,,,https://realestatecenter.bankofamerica.com/tools/marketvalue4.aspx?address=537+Moss+Stream+Lane+Charlotte+North+Carolina+28216,https://www.zillow.com/homes/537_Moss_Stream_Lane_Charlotte_North_Carolina_28216_rb,No
72,Mecklenburg,05/17/17  12:00PM,Not Available Yet,NC,12 SP 8474,12-15807-FC01,"3818 Voeltz Drive Charlotte, North Carolina 28269",22334/748,,,https://realestatecenter.bankofamerica.com/tools/marketvalue4.aspx?address=3818+Voeltz+Drive+Charlotte+North+Carolina+28269,https://www.zillow.com/homes/3818_Voeltz_Drive_Charlotte_North_Carolina_28269_rb,No
73,Mecklenburg,06/08/17  12:00PM,Not Available Yet,NC,12 SP 8790,10-20359-FC03,"14928 Middlethorpe Lane Huntersville, North Carolina 28078",23507/628,,,https://realestatecenter.bankofamerica.com/tools/marketvalue4.aspx?address=14928+Middlethorpe+Lane+Huntersville+North+Carolina+28078,https://www.zillow.com/homes/14928_Middlethorpe_Lane_Huntersville_North_Carolina_28078_rb,No
74,Mecklenburg,06/29/17  11:00AM,Not Available Yet,NC,14 SP 213,11-15445-FC02,"9609 Rothman Lane Charlotte, North Carolina 28215",23358/1,,,https://realestatecenter.bankofamerica.com/tools/marketvalue4.aspx?address=9609+Rothman+Lane+Charlotte+North+Carolina+28215,https://www.zillow.com/homes/9609_Rothman_Lane_Charlotte_North_Carolina_28215_rb,No
75,Mecklenburg,06/08/17  11:00AM,Not Available Yet,NC,14 SP 1954,14-04115-FC01,"9408 Lexington Circle Apartment F Charlotte, North Carolina 28213",21833/935,,,https://realestatecenter.bankofamerica.com/tools/marketvalue4.aspx?address=9408+Lexington+Circle+Apartment+F+Charlotte+North+Carolina+28213,https://www.zillow.com/homes/9408_Lexington_Circle_Apartment_F_Charlotte_North_Carolina_28213_rb,No
76,Mecklenburg,06/15/17  11:00AM,"$99,586.85",NC,16 SP 4062,16-17381-FC01,"11024 Shipwright Lane Charlotte, North Carolina 28215",12378/666,,,https://realestatecenter.bankofamerica.com/tools/marketvalue4.aspx?address=11024+Shipwright+Lane+Charlotte+North+Carolina+28215,https://www.zillow.com/homes/11024_Shipwright_Lane_Charlotte_North_Carolina_28215_rb,No
77,Mecklenburg,06/15/17  11:00AM,"$198,255.78",NC,14 SP 3831,14-08871-FC02,"5721 Versage Drive Mint Hill, North Carolina 28227",16051/549,,,https://realestatecenter.bankofamerica.com/tools/marketvalue4.aspx?address=5721+Versage+Drive+Mint+Hill+North+Carolina+28227,https://www.zillow.com/homes/5721_Versage_Drive_Mint_Hill_North_Carolina_28227_rb,No
78,CABARRUS,5/8/17 - 10:00 AM,$126000.00,NC,16SP745,,"734 CARLY CT, CONCORD, NC 28025",,,,https://realestatecenter.bankofamerica.com/tools/marketvalue4.aspx?address=734+CARLY+CT+CONCORD+NC+28025,https://www.zillow.com/homes/734_CARLY_CT_CONCORD_NC_28025_rb,No
79,CABARRUS,5/8/17 - 10:00 AMPostponed Until 6/5/17,,NC,16SP669,,"5399 JOSEPHINE LN SOUTHWEST, CONCORD, NC 28027",,,,https://realestatecenter.bankofamerica.com/tools/marketvalue4.aspx?address=5399+JOSEPHINE+LN+SOUTHWEST+CONCORD+NC+28027,https://www.zillow.com/homes/5399_JOSEPHINE_LN_SOUTHWEST_CONCORD_NC_28027_rb,No
80,CABARRUS,5/15/17 - 10:00 AM,,NC,17SP176,,"301 BELL ST, KANNAPOLIS, NC 28081",,,,https://realestatecenter.bankofamerica.com/tools/marketvalue4.aspx?address=301+BELL+ST+KANNAPOLIS+NC+28081,https://www.zillow.com/homes/301_BELL_ST_KANNAPOLIS_NC_28081_rb,No
81,CABARRUS,5/15/17 - 10:00 AMCancelled Until 7/5/17,,NC,17SP70,,"150 EMERY AVE NORTHWEST, CONCORD, NC 28027",,,,https://realestatecenter.bankofamerica.com/tools/marketvalue4.aspx?address=150+EMERY+AVE+NORTHWEST+CONCORD+NC+28027,https://www.zillow.com/homes/150_EMERY_AVE_NORTHWEST_CONCORD_NC_28027_rb,No
82,CABARRUS,5/15/17 - 10:00 AMCancelled Until 7/17/17,,NC,16SP667,,"4276 TUCKER CHASE DR, MIDLAND, NC 28107",,,,https://realestatecenter.bankofamerica.com/tools/marketvalue4.aspx?address=4276+TUCKER+CHASE+DR+MIDLAND+NC+28107,https://www.zillow.com/homes/4276_TUCKER_CHASE_DR_MIDLAND_NC_28107_rb,No
83,CABARRUS,5/15/17 - 10:00 AMCancelled Until 7/5/17,,NC,16SP304,,"1660 SONGWOOD RD, CONCORD, NC 28025",,,,https://realestatecenter.bankofamerica.com/tools/marketvalue4.aspx?address=1660+SONGWOOD+RD+CONCORD+NC+28025,https://www.zillow.com/homes/1660_SONGWOOD_RD_CONCORD_NC_28025_rb,No
84,MECKLENBURG,5/10/17 - 11:00 AM,$110200.00,NC,16SP3951,,"4436 GLADWOOD LN, CHARLOTTE, NC 28269",,,,https://realestatecenter.bankofamerica.com/tools/marketvalue4.aspx?address=4436+GLADWOOD+LN+CHARLOTTE+NC+28269,https://www.zillow.com/homes/4436_GLADWOOD_LN_CHARLOTTE_NC_28269_rb,No
85,MECKLENBURG,5/11/17 - 10:00 AM,$66451.55,NC,17SP656,,"3284 HEATHSTEAD PL, APT C, CHARLOTTE, NC 28210",,,,https://realestatecenter.bankofamerica.com/tools/marketvalue4.aspx?address=3284+HEATHSTEAD+PL+APT+C+CHARLOTTE+NC+28210,https://www.zillow.com/homes/3284_HEATHSTEAD_PL_APT_C_CHARLOTTE_NC_28210_rb,No
86,MECKLENBURG,5/11/17 - 10:00 AM,$74804.50,NC,17SP830,,"8134 KINGS CREEK DR., CHARLOTTE, NC 28273",,,,https://realestatecenter.bankofamerica.com/tools/marketvalue4.aspx?address=8134+KINGS+CREEK+DR.+CHARLOTTE+NC+28273,https://www.zillow.com/homes/8134_KINGS_CREEK_DR._CHARLOTTE_NC_28273_rb,No
87,MECKLENBURG,5/11/17 - 10:00 AM,$143764.09,NC,16SP4619,,"14534 WATERSIDE DR, CHARLOTTE, NC 28278",,,,https://realestatecenter.bankofamerica.com/tools/marketvalue4.aspx?address=14534+WATERSIDE+DR+CHARLOTTE+NC+28278,https://www.zillow.com/homes/14534_WATERSIDE_DR_CHARLOTTE_NC_28278_rb,No
88,MECKLENBURG,5/11/17 - 10:00 AM,$50541.09,NC,16SP3753,,"1718 PURSER DR, CHARLOTTE, NC 28215",,,,https://realestatecenter.bankofamerica.com/tools/marketvalue4.aspx?address=1718+PURSER+DR+CHARLOTTE+NC+28215,https://www.zillow.com/homes/1718_PURSER_DR_CHARLOTTE_NC_28215_rb,No
89,MECKLENBURG,5/11/17 - 10:00 AM,$112494.09,NC,16SP1991,,"2809 ATHENS PL, CHARLOTTE, NC 28205",,,,https://realestatecenter.bankofamerica.com/tools/marketvalue4.aspx?address=2809+ATHENS+PL+CHARLOTTE+NC+28205,https://www.zillow.com/homes/2809_ATHENS_PL_CHARLOTTE_NC_28205_rb,No
90,MECKLENBURG,5/11/17 - 10:00 AM,$31670.89,NC,10SP7215,,"9521 LOBLOLLY LN, CHARLOTTE, NC 28210",,,,https://realestatecenter.bankofamerica.com/tools/marketvalue4.aspx?address=9521+LOBLOLLY+LN+CHARLOTTE+NC+28210,https://www.zillow.com/homes/9521_LOBLOLLY_LN_CHARLOTTE_NC_28210_rb,No
91,MECKLENBURG,5/11/17 - 10:00 AM,$64995.11,NC,13SP4125,,"2454 RYERSON CT, CHARLOTTE, NC 28213",,,,https://realestatecenter.bankofamerica.com/tools/marketvalue4.aspx?address=2454+RYERSON+CT+CHARLOTTE+NC+28213,https://www.zillow.com/homes/2454_RYERSON_CT_CHARLOTTE_NC_28213_rb,No
92,MECKLENBURG,5/11/17 - 10:00 AMPostponed Until 8/7/17,,NC,17SP910,,"9003 AVERY MEADOWS DR, CHARLOTTE, NC 28216",,,,https://realestatecenter.bankofamerica.com/tools/marketvalue4.aspx?address=9003+AVERY+MEADOWS+DR+CHARLOTTE+NC+28216,https://www.zillow.com/homes/9003_AVERY_MEADOWS_DR_CHARLOTTE_NC_28216_rb,No
93,MECKLENBURG,5/15/17 - 10:00 AM,$111720.00,NC,14SP4480,,"10020 GREEN HEDGE AVE, CHARLOTTE, NC 28269",,,,https://realestatecenter.bankofamerica.com/tools/marketvalue4.aspx?address=10020+GREEN+HEDGE+AVE+CHARLOTTE+NC+28269,https://www.zillow.com/homes/10020_GREEN_HEDGE_AVE_CHARLOTTE_NC_28269_rb,No
94,MECKLENBURG,5/15/17 - 10:00 AM,$71550.56,NC,16SP4624,,"5014 ROSENA DR, CHARLOTTE, NC 28227",,,,https://realestatecenter.bankofamerica.com/tools/marketvalue4.aspx?address=5014+ROSENA+DR+CHARLOTTE+NC+28227,https://www.zillow.com/homes/5014_ROSENA_DR_CHARLOTTE_NC_28227_rb,No
95,MECKLENBURG,5/15/17 - 10:00 AMPostponed Until 6/23/17,,NC,16SP1007,,"8306 VIOLA DR, CHARLOTTE, NC 28215",,,,https://realestatecenter.bankofamerica.com/tools/marketvalue4.aspx?address=8306+VIOLA+DR+CHARLOTTE+NC+28215,https://www.zillow.com/homes/8306_VIOLA_DR_CHARLOTTE_NC_28215_rb,No
96,Mecklenburg,07/06/17  11:00AM,Not Available Yet,NC,15 SP 4277,14-30153-FC02,"8430 Wallace Glen Drive Charlotte, North Carolina 28212",24109/814,,,https://realestatecenter.bankofamerica.com/tools/marketvalue4.aspx?address=8430+Wallace+Glen+Drive+Charlotte+North+Carolina+28212,https://www.zillow.com/homes/8430_Wallace_Glen_Drive_Charlotte_North_Carolina_28212_rb,Yes
97,Mecklenburg,07/06/17  12:00PM,Not Available Yet,NC,16 SP 4206,16-17342-FC01,"6534 Dillard Ridge Drive Charlotte, North Carolina 28216",22716/782,,,https://realestatecenter.bankofamerica.com/tools/marketvalue4.aspx?address=6534+Dillard+Ridge+Drive+Charlotte+North+Carolina+28216,https://www.zillow.com/homes/6534_Dillard_Ridge_Drive_Charlotte_North_Carolina_28216_rb,Yes
98,Mecklenburg,07/06/17  11:00AM,Not Available Yet,NC,16 SP 4490,15-13960-FC02,"1504 Pecan Avenue Charlotte, North Carolina 28205",7656/208,,,https://realestatecenter.bankofamerica.com/tools/marketvalue4.aspx?address=1504+Pecan+Avenue+Charlotte+North+Carolina+28205,https://www.zillow.com/homes/1504_Pecan_Avenue_Charlotte_North_Carolina_28205_rb,Yes
99,Mecklenburg,07/06/17  11:00AM,Not Available Yet,NC,16 SP 4598,16-19248-FC01,"10421 Gold Pan Road Charlotte, North Carolina 28215",21563/681,,,https://realestatecenter.bankofamerica.com/tools/marketvalue4.aspx?address=10421+Gold+Pan+Road+Charlotte+North+Carolina+28215,https://www.zillow.com/homes/10421_Gold_Pan_Road_Charlotte_North_Carolina_28215_rb,Yes
100,Mecklenburg,07/06/17  11:00AM,Not Available Yet,NC,12 SP 8983,10-23066-FC02,"1926 Southwind Drive Charlotte, North Carolina 28216",24515/243,,,https://realestatecenter.bankofamerica.com/tools/marketvalue4.aspx?address=1926+Southwind+Drive+Charlotte+North+Carolina+28216,https://www.zillow.com/homes/1926_Southwind_Drive_Charlotte_North_Carolina_28216_rb,Yes
101,Mecklenburg,07/06/17  11:00AM,Not Available Yet,NC,14 SP 417,14-00113-FC01,"5816 Eastbrook Road Charlotte, North Carolina 28215-1725",7438/619,,,https://realestatecenter.bankofamerica.com/tools/marketvalue4.aspx?address=5816+Eastbrook+Road+Charlotte+North+Carolina+28215-1725,https://www.zillow.com/homes/5816_Eastbrook_Road_Charlotte_North_Carolina_28215-1725_rb,Yes
